Workbook

Sheet Sheet1
A1: País | B1: Coordenada X | C1: Coordenada Y | D1: Região | E1: Idioma principal | F1: Esporte mais popular | G1: Economia | H1: IDH | I1: PIB (Bilhões de Dolares) | J1: Área (km²) | K1: População
A2: Austrália | B2: =ROUND((Coordenadas!D2-Coordenadas!$H$2)*Coordenadas!$H$4,0) -> -119 | C2: =ROUND((Coordenadas!B2-Coordenadas!$H$3)*Coordenadas!$H$4,0) -> -31 | D2: Australásia | E2: Inglês | F2: Futebol australiano | G2: Economia desenvolvida, mineração (minério de ferro e carvão), agropecuária e serviços | H2: 0.958 | I2: 2124 | J2: 7741220 | K2: 28077000
A3: Fiji | B3: =ROUND((Coordenadas!D3-Coordenadas!$H$2)*Coordenadas!$H$4,0) -> 75 | C3: =ROUND((Coordenadas!B3-Coordenadas!$H$3)*Coordenadas!$H$4,0) -> -4 | D3: Melanésia | E3: Inglês, Fijiano e Hindi fijiano | F3: Rugby | G3: Economia baseada no turismo, açúcar e remessas de emigrantes | H3: 0.731 | I3: 6.352 | J3: 18274 | K3: 934000
A4: Ilhas Marshall | B4: =ROUND((Coordenadas!D4-Coordenadas!$H$2)*Coordenadas!$H$4,0) -> 45 | C4: =ROUND((Coordenadas!B4-Coordenadas!$H$3)*Coordenadas!$H$4,0) -> 106 | D4: Micronésia | E4: Marshalês e Inglês | F4: Basquete | G4: Economia dependente de ajuda dos EUA, pesca e registro de navios | H4: 0.733 | I4: 0.342 | J4: 181 | K4: 35300
A5: Ilhas Salomão | B5: =ROUND((Coordenadas!D5-Coordenadas!$H$2)*Coordenadas!$H$4,0) -> -8 | C5: =ROUND((Coordenadas!B5-Coordenadas!$H$3)*Coordenadas!$H$4,0) -> 39 | D5: Melanésia | E5: Inglês e Pijin | F5: Futebol | G5: Economia agrícola, extração de madeira e pesca | H5: 0.584 | I5: 1.836 | J5: 28896 | K5: 813000
A6: Kiribati | B6: =ROUND((Coordenadas!D6-Coordenadas!$H$2)*Coordenadas!$H$4,0) -> 53 | C6: =ROUND((Coordenadas!B6-Coordenadas!$H$3)*Coordenadas!$H$4,0) -> 81 | D6: Micronésia | E6: Gilbertês e Inglês | F6: Futebol | G6: Economia baseada em licenças de pesca, ajuda externa e copra | H6: 0.644 | I6: 0.401 | J6: 811 | K6: 131000
A7: Micronésia | B7: =ROUND((Coordenadas!D7-Coordenadas!$H$2)*Coordenadas!$H$4,0) -> -12 | C7: =ROUND((Coordenadas!B7-Coordenadas!$H$3)*Coordenadas!$H$4,0) -> 105 | D7: Micronésia | E7: Inglês, Chuukês e Pohnpeiano | F7: Basquete | G7: Economia dependente de ajuda dos EUA, pesca e agricultura de subsistência | H7: 0.615 | I7: 0.521 | J7: 702 | K7: 94500
A8: Nauru | B8: =ROUND((Coordenadas!D8-Coordenadas!$H$2)*Coordenadas!$H$4,0) -> 26 | C8: =ROUND((Coordenadas!B8-Coordenadas!$H$3)*Coordenadas!$H$4,0) -> 73 | D8: Micronésia | E8: Nauruano e Inglês | F8: Futebol australiano | G8: Economia baseada em ajuda externa, fosfato (quase esgotado) e licenças de pesca | H8: 0.703 | I8: 0.196 | J8: 21 | K8: 12200
A9: Nova Zelândia | B9: =ROUND((Coordenadas!D9-Coordenadas!$H$2)*Coordenadas!$H$4,0) -> 52 | C9: =ROUND((Coordenadas!B9-Coordenadas!$H$3)*Coordenadas!$H$4,0) -> -100 | D9: Australásia | E9: Inglês e Maori | F9: Rugby | G9: Economia desenvolvida, agropecuária (laticínios), turismo e serviços | H9: 0.938 | I9: 278.6 | J9: 268838 | K9: 5356000
A10: Palau | B10: =ROUND((Coordenadas!D10-Coordenadas!$H$2)*Coordenadas!$H$4,0) -> -116 | C10: =ROUND((Coordenadas!B10-Coordenadas!$H$3)*Coordenadas!$H$4,0) -> 108 | D10: Micronésia | E10: Palauano e Inglês | F10: Beisebol | G10: Economia baseada no turismo e ajuda dos EUA | H10: 0.786 | I10: 0.377 | J10: 459 | K10: 17500
A11: Papua-Nova Guiné | B11: =ROUND((Coordenadas!D11-Coordenadas!$H$2)*Coordenadas!$H$4,0) -> -75 | C11: =ROUND((Coordenadas!B11-Coordenadas!$H$3)*Coordenadas!$H$4,0) -> 50 | D11: Melanésia | E11: Tok Pisin, Inglês e Hiri Motu | F11: Rugby league | G11: Economia baseada em mineração (ouro e cobre), gás natural e agricultura | H11: 0.576 | I11: 34.4 | J11: 462840 | K11: 13071000
A12: Samoa | B12: =ROUND((Coordenadas!D12-Coordenadas!$H$2)*Coordenadas!$H$4,0) -> 117 | C12: =ROUND((Coordenadas!B12-Coordenadas!$H$3)*Coordenadas!$H$4,0) -> 15 | D12: Polinésia | E12: Samoano e Inglês | F12: Rugby | G12: Economia baseada em remessas de emigrantes, turismo e agricultura | H12: 0.708 | I12: 1.376 | J12: 2831 | K12: 213000
A13: Tonga | B13: =ROUND((Coordenadas!D13-Coordenadas!$H$2)*Coordenadas!$H$4,0) -> 105 | C13: =ROUND((Coordenadas!B13-Coordenadas!$H$3)*Coordenadas!$H$4,0) -> -19 | D13: Polinésia | E13: Tonganês e Inglês | F13: Rugby | G13: Economia baseada em remessas de emigrantes, agricultura e pesca | H13: 0.769 | I13: 0.716 | J13: 747 | K13: 98900
... A15: Vanuatu | B15: =ROUND((Coordenadas!D15-Coordenadas!$H$2)*Coordenadas!$H$4,0) -> 26 | C15: =ROUND((Coordenadas!B15-Coordenadas!$H$3)*Coordenadas!$H$4,0) -> 7 | D15: Melanésia | E15: Bislama, Inglês e Francês | F15: Futebol | G15: Economia baseada no turismo, agricultura (copra) e serviços financeiros | H15: 0.621 | I15: 1.396 | J15: 12189 | K15: 342000

Sheet Coordenadas
A1: País | B1: Latitude | C1: Longitude | D1: Longitude (0–360°) | G1: Parâmetros da projeção
A2: Austrália | B2: -24.1295 | C2: 134.0497 | D2: =IF(C2<0,C2+360,C2) -> 134.0497 | G2: Longitude no centro do palco (X = 0), em graus 0–360 | H2: 161
A3: Fiji | B3: -17.8261 | C3: 177.9754 | D3: =IF(C3<0,C3+360,C3) -> 177.9754 | G3: Latitude no centro do palco (Y = 0) | H3: -17
A4: Ilhas Marshall | B4: 7.0826 | C4: 171.1936 | D4: =IF(C4<0,C4+360,C4) -> 171.1936 | G4: Escala (pixels por grau) | H4: 4.4
A5: Ilhas Salomão | B5: -8.0295 | C5: 159.1705 | D5: =IF(C5<0,C5+360,C5) -> 159.1705
A6: Kiribati | B6: 1.4 | C6: 173 | D6: =IF(C6<0,C6+360,C6) -> 173 | G6: Como usar: edite só as células amarelas para realinhar todos os pontos à imagem do mapa.
A7: Micronésia | B7: 6.8876 | C7: 158.234 | D7: =IF(C7<0,C7+360,C7) -> 158.234 | G7: X = ARRED((Longitude 0–360 − H2) × H4) | Y = ARRED((Latitude − H3) × H4)
A8: Nauru | B8: -0.5203 | C8: 166.9326 | D8: =IF(C8<0,C8+360,C8) -> 166.9326 | G8: A longitude é convertida para 0–360° porque a Oceania atravessa a linha de 180° (Samoa e Tonga têm longitude negativa).
A9: Nova Zelândia | B9: -39.759 | C9: 172.787 | D9: =IF(C9<0,C9+360,C9) -> 172.787 | G9: Palco de 480 × 360 px com origem no centro (mesmo sistema das bases da Europa, Ásia e África).
A10: Palau | B10: 7.5183 | C10: 134.5802 | D10: =IF(C10<0,C10+360,C10) -> 134.5802 | G10: Latitude/Longitude: ponto de rótulo do Natural Earth (Kiribati ajustado para Tarawa).
A11: Papua-Nova Guiné | B11: -5.6953 | C11: 143.9102 | D11: =IF(C11<0,C11+360,C11) -> 143.9102
A12: Samoa | B12: -13.6391 | C12: -172.4382 | D12: =IF(C12<0,C12+360,C12) -> 187.5618
A13: Tonga | B13: -21.21 | C13: -175.163 | D13: =IF(C13<0,C13+360,C13) -> 184.837
A14: Tuvalu | B14: -8.5137 | C14: 179.2096 | D14: =IF(C14<0,C14+360,C14) -> 179.2096
A15: Vanuatu | B15: -15.3715 | C15: 166.9088 | D15: =IF(C15<0,C15+360,C15) -> 166.9088

Sheet Notas e fontes
A1: Notas e fontes
A3: Coluna | B3: Fonte / critério
A4: Países | B4: Os 14 países independentes da Oceania membros da ONU. Ficaram de fora Ilhas Cook e Niue (livre associação com a Nova Zelândia) e territórios dependentes como Nova Caledônia, Polinésia Francesa, Guam e Havaí.
A5: * (asterisco) | B5: Nenhum país da lista é transcontinental. A Indonésia (Papua Ocidental) e o Timor-Leste já aparecem com * na base da Ásia.
A6: Coordenada X / Y | B6: Calculadas a partir de latitude e longitude na aba "Coordenadas" (projeção equiretangular ajustada ao palco de 480 × 360).
A7: Região | B7: Sub-regiões da Divisão de Estatística da ONU (M49). "Australásia" corresponde ao grupo "Austrália e Nova Zelândia" da ONU. Kiribati inteiro está na Micronésia, embora parte das ilhas fique na Polinésia.
A8: IDH | B8: PNUD, Relatório de Desenvolvimento Humano 2025 (dados de 2023) — o mais recente publicado até set/2026.
A9: PIB (Bilhões de Dolares) | B9: FMI, World Economic Outlook de abril de 2026, PIB nominal projetado para 2026. Países pequenos com 3 casas decimais (ex.: Tuvalu = 0,065 bilhão = 65 milhões).
A10: População | B10: Estimativa implícita do FMI para 2026 (PIB ÷ PIB per capita, WEO abril de 2026), arredondada.
A11: Área (km²) | B11: CIA World Factbook (área total).
A12: Idioma principal | B12: Idiomas oficiais ou mais falados. Papua-Nova Guiné tem mais de 800 línguas; Vanuatu, mais de 100.
A13: Esporte mais popular | B13: Rugby union em Fiji, Samoa, Tonga e Nova Zelândia; rugby league em Papua-Nova Guiné; futebol australiano na Austrália e em Nauru; basquete e beisebol nas ilhas com influência dos EUA.
A14: Economia | B14: Descrição resumida das principais atividades econômicas, no mesmo formato da base da Ásia.
