Workbook

Sheet Sheet1
A1: País | B1: Coordenada X | C1: Coordenada Y | D1: Região | E1: Idioma principal | F1: Esporte mais popular | G1: Economia | H1: IDH | I1: PIB (Bilhões de Dolares) | J1: Área (km²) | K1: População | L1: Norte ou Subsaariana
A2: África do Sul | B2: =ROUND((Coordenadas!C2-Coordenadas!$G$2)*Coordenadas!$G$4,0) -> 29 | C2: =ROUND((Coordenadas!B2-Coordenadas!$G$3)*Coordenadas!$G$4,0) -> -136 | D2: África Austral | E2: Zulu, Xhosa, Africâner e Inglês | F2: Futebol | G2: Economia mais industrializada do continente, mineração, indústria e serviços | H2: 0.741 | I2: 480 | J2: 1219090 | K2: 63970000 | L2: África Subsaariana
A3: Angola | B3: =ROUND((Coordenadas!C3-Coordenadas!$G$2)*Coordenadas!$G$4,0) -> 4 | C3: =ROUND((Coordenadas!B3-Coordenadas!$G$3)*Coordenadas!$G$4,0) -> -59 | D3: África Central | E3: Português | F3: Futebol | G3: Economia baseada no petróleo e diamantes | H3: 0.616 | I3: 152.4 | J3: 1246700 | K3: 40584000 | L3: África Subsaariana
A4: Argélia | B4: =ROUND((Coordenadas!C4-Coordenadas!$G$2)*Coordenadas!$G$4,0) -> -62 | C4: =ROUND((Coordenadas!B4-Coordenadas!$G$3)*Coordenadas!$G$4,0) -> 115 | D4: África Setentrional | E4: Árabe e Tamazight (berbere) | F4: Futebol | G4: Economia baseada no petróleo e gás natural | H4: 0.763 | I4: 317.2 | J4: 2381741 | K4: 47851000 | L4: África Setentrional
A5: Benin | B5: =ROUND((Coordenadas!C5-Coordenadas!$G$2)*Coordenadas!$G$4,0) -> -64 | C5: =ROUND((Coordenadas!B5-Coordenadas!$G$3)*Coordenadas!$G$4,0) -> 40 | D5: África Ocidental | E5: Francês | F5: Futebol | G5: Economia em desenvolvimento, agricultura (algodão) e comércio portuário | H5: 0.515 | I5: 27.8 | J5: 112622 | K5: 15357000 | L5: África Subsaariana
A6: Botsuana | B6: =ROUND((Coordenadas!C6-Coordenadas!$G$2)*Coordenadas!$G$4,0) -> 32 | C6: =ROUND((Coordenadas!B6-Coordenadas!$G$3)*Coordenadas!$G$4,0) -> -103 | D6: África Austral | E6: Inglês e Tswana | F6: Futebol | G6: Economia baseada na mineração de diamantes | H6: 0.731 | I6: 21.9 | J6: 581730 | K6: 2584000 | L6: África Subsaariana
A7: Burkina Faso | B7: =ROUND((Coordenadas!C7-Coordenadas!$G$2)*Coordenadas!$G$4,0) -> -81 | C7: =ROUND((Coordenadas!B7-Coordenadas!$G$3)*Coordenadas!$G$4,0) -> 50 | D7: África Ocidental | E7: Mooré e Francês | F7: Futebol | G7: Economia baseada na mineração de ouro e agricultura (algodão) | H7: 0.459 | I7: 32.5 | J7: 274200 | K7: 24648000 | L7: África Subsaariana
A8: Burundi | B8: =ROUND((Coordenadas!C8-Coordenadas!$G$2)*Coordenadas!$G$4,0) -> 57 | C8: =ROUND((Coordenadas!B8-Coordenadas!$G$3)*Coordenadas!$G$4,0) -> -20 | D8: África Oriental | E8: Kirundi e Francês | F8: Futebol | G8: Economia agrícola, café e chá | H8: 0.439 | I8: 8.1 | J8: 27834 | K8: 14903000 | L8: África Subsaariana
A9: Cabo Verde | B9: =ROUND((Coordenadas!C9-Coordenadas!$G$2)*Coordenadas!$G$4,0) -> -179 | C9: =ROUND((Coordenadas!B9-Coordenadas!$G$3)*Coordenadas!$G$4,0) -> 61 | D9: África Ocidental | E9: Português e Crioulo cabo-verdiano | F9: Futebol | G9: Economia baseada em turismo e serviços | H9: 0.668 | I9: 3.4 | J9: 4033 | K9: 517000 | L9: África Subsaariana
A10: Camarões | B10: =ROUND((Coordenadas!C10-Coordenadas!$G$2)*Coordenadas!$G$4,0) -> -20 | C10: =ROUND((Coordenadas!B10-Coordenadas!$G$3)*Coordenadas!$G$4,0) -> 15 | D10: África Central | E10: Francês e Inglês | F10: Futebol | G10: Economia diversificada, petróleo, agricultura e madeira | H10: 0.588 | I10: 65.1 | J10: 475442 | K10: 30646000 | L10: África Subsaariana
A11: Chade | B11: =ROUND((Coordenadas!C11-Coordenadas!$G$2)*Coordenadas!$G$4,0) -> 7 | C11: =ROUND((Coordenadas!B11-Coordenadas!$G$3)*Coordenadas!$G$4,0) -> 61 | D11: África Central | E11: Francês e Árabe | F11: Futebol | G11: Economia baseada no petróleo e pecuária | H11: 0.416 | I11: 25.6 | J11: 1284000 | K11: 19491000 | L11: África Subsaariana
A12: Comores | B12: =ROUND((Coordenadas!C12-Coordenadas!$G$2)*Coordenadas!$G$4,0) -> 116 | C12: =ROUND((Coordenadas!B12-Coordenadas!$G$3)*Coordenadas!$G$4,0) -> -57 | D12: África Oriental | E12: Comoriano, Francês e Árabe | F12: Futebol | G12: Economia agrícola (baunilha e cravo) e remessas de emigrantes | H12: 0.603 | I12: 1.8 | J12: 2235 | K12: 930000 | L12: África Subsaariana
A13: Costa do Marfim | B13: =ROUND((Coordenadas!C13-Coordenadas!$G$2)*Coordenadas!$G$4,0) -> -99 | C13: =ROUND((Coordenadas!B13-Coordenadas!$G$3)*Coordenadas!$G$4,0) -> 27 | D13: África Ocidental | E13: Francês | F13: Futebol | G13: Economia emergente, maior produtor mundial de cacau | H13: 0.582 | I13: 112.1 | J13: 322463 | K13: 33838000 | L13: África Subsaariana
... A55: Zimbábue | B55: =ROUND((Coordenadas!C55-Coordenadas!$G$2)*Coordenadas!$G$4,0) -> 57 | C55: =ROUND((Coordenadas!B55-Coordenadas!$G$3)*Coordenadas!$G$4,0) -> -89 | D55: África Oriental | E55: Inglês, Shona e Ndebele | F55: Futebol | G55: Economia baseada em mineração (ouro, platina e lítio) e agricultura (tabaco) | H55: 0.598 | I55: 56.7 | J55: 390757 | K55: 17728000 | L55: África Subsaariana

Sheet Coordenadas
A1: País | B1: Latitude | C1: Longitude | F1: Parâmetros da projeção
A2: África do Sul | B2: -29.7088 | C2: 23.6657 | F2: Longitude no centro do palco (X = 0) | G2: 17
A3: Angola | B3: -12.1828 | C3: 17.9842 | F3: Latitude no centro do palco (Y = 0) | G3: 1.25
A4: Argélia | B4: 27.3974 | C4: 2.8082 | F4: Escala (pixels por grau) | G4: 4.4
A5: Benin | B5: 10.3248 | C5: 2.352
A6: Botsuana | B6: -22.1026 | C6: 24.1792 | F6: Como usar: edite só as células amarelas para realinhar todos os pontos à imagem do mapa.
A7: Burkina Faso | B7: 12.673 | C7: -1.3639 | F7: X = ARRED((Longitude − G2) × G4) | Y = ARRED((Latitude − G3) × G4)
A8: Burundi | B8: -3.3328 | C8: 29.9171 | F8: Palco de 480 × 360 px com origem no centro (mesmo sistema das bases da Europa e da Ásia).
A9: Cabo Verde | B9: 15.0748 | C9: -23.6394 | F9: Latitude/Longitude: ponto de rótulo do Natural Earth (fica sempre dentro do território).
A10: Camarões | B10: 4.585 | C10: 12.4735
A11: Chade | B11: 15.143 | C11: 18.645
A12: Comores | B12: -11.7277 | C12: 43.3181
A13: Costa do Marfim | B13: 7.4914 | C13: -5.5686
A14: Djibouti | B14: 11.9763 | C14: 42.4988
A15: Egito* | B15: 26.1862 | C15: 29.4458
A16: Eritreia | B16: 15.7874 | C16: 38.2856
A17: Essuatíni | B17: -26.5337 | C17: 31.4673
A18: Etiópia | B18: 8.0328 | C18: 39.0886
A19: Gabão | B19: -0.4377 | C19: 11.8359
A20: Gâmbia | B20: 13.6417 | C20: -14.9983
A21: Gana | B21: 7.7176 | C21: -1.0369
... A55: Zimbábue | B55: -18.9116 | C55: 29.9254

Sheet Notas e fontes
A1: Notas e fontes
A3: Coluna | B3: Fonte / critério
A4: Países | B4: Os 54 Estados africanos membros da ONU. O Saara Ocidental (território disputado) não foi incluído por não ter IDH nem PIB oficiais.
A5: * (asterisco) | B5: País transcontinental, mesmo critério da base da Ásia: o Egito tem parte do território (Península do Sinai) na Ásia.
A6: Coordenada X / Y | B6: Calculadas a partir de latitude e longitude na aba "Coordenadas" (projeção equiretangular ajustada ao palco de 480 × 360).
A7: Região | B7: Sub-regiões da Divisão de Estatística da ONU (M49). Atenção: vários livros didáticos brasileiros colocam Zâmbia, Zimbábue, Malawi, Moçambique e Madagascar na África Austral, e o Sudão ou a Mauritânia podem variar.
A8: Norte ou Subsaariana | B8: Regionalização clássica em relação ao Deserto do Saara, derivada da coluna Região (África Setentrional × demais).
A9: IDH | B9: PNUD, Relatório de Desenvolvimento Humano 2025 (dados de 2023) — o mais recente publicado até set/2026.
A10: PIB (Bilhões de Dolares) | B10: FMI, World Economic Outlook de abril de 2026, PIB nominal estimado para 2026. Eritreia: dado de 2019.
A11: População | B11: FMI, World Economic Outlook de abril de 2026, estimativa para 2026 (arredondada ao milhar). Eritreia: dado de 2019.
A12: Área (km²) | B12: CIA World Factbook (área total). Marrocos sem o Saara Ocidental.
A13: Idioma principal | B13: Idiomas oficiais ou mais falados; em países com muitas línguas foram listadas as principais.
A14: Esporte mais popular | B14: Futebol na grande maioria; Madagascar tem o rugby como esporte nacional.
A15: Economia | B15: Descrição resumida das principais atividades econômicas, no mesmo formato da base da Ásia.
